{
  "timestamp": "2026-01-01T19:08:59.778992",
  "models_trained": 2,
  "training_results": {
    "nba_pure_stats_v2_classification_best": {
      "model_name": "nba_pure_stats_v2_classification_best",
      "task_type": "classification",
      "training_metrics": {
        "status": "trained",
        "n_samples": 2451,
        "n_features": 63,
        "train_accuracy": 0.813953488372093,
        "train_precision": 0.8140468227424749,
        "train_recall": 0.8724014336917563,
        "train_f1": 0.8422145328719723,
        "train_top_features": {
          "efg_differential": 0.09654854238033295,
          "home_net_rating": 0.08656887710094452,
          "away_net_rating": 0.07765540480613708,
          "h2h_away_avg_score": 0.04981458932161331,
          "h2h_home_avg_score": 0.048071857541799545,
          "ts_differential": 0.04794667288661003,
          "away_offensive_rating": 0.03128809481859207,
          "home_avg_points_against": 0.030047915875911713,
          "away_avg_points_for": 0.02867191843688488,
          "home_defensive_rating": 0.02738989144563675
        },
        "val_accuracy": 0.7137030995106036,
        "val_precision": 0.721030042918455,
        "val_recall": 0.7636363636363637,
        "val_f1": 0.7417218543046358,
        "val_top_features": {
          "efg_differential": 0.09654854238033295,
          "home_net_rating": 0.08656887710094452,
          "away_net_rating": 0.07765540480613708,
          "h2h_away_avg_score": 0.04981458932161331,
          "h2h_home_avg_score": 0.048071857541799545,
          "ts_differential": 0.04794667288661003,
          "away_offensive_rating": 0.03128809481859207,
          "home_avg_points_against": 0.030047915875911713,
          "away_avg_points_for": 0.02867191843688488,
          "home_defensive_rating": 0.02738989144563675
        }
      },
      "train_samples": 2451,
      "val_samples": 1226,
      "test_samples": 1226,
      "test_metrics": {
        "test_accuracy": 0.7137030995106036,
        "test_precision": 0.721030042918455,
        "test_recall": 0.7636363636363637,
        "test_f1": 0.7417218543046358,
        "test_roc_auc": 0.7802361066495342,
        "test_log_loss": 0.5596122342601951,
        "test_true_positives": 504,
        "test_true_negatives": 371,
        "test_false_positives": 195,
        "test_false_negatives": 156
      },
      "test_accuracy": 0.7137030995106036,
      "test_precision": 0.721030042918455,
      "test_recall": 0.7636363636363637,
      "test_f1": 0.7417218543046358,
      "test_roc_auc": 0.7802361066495342,
      "test_log_loss": 0.5596122342601951,
      "test_true_positives": 504,
      "test_true_negatives": 371,
      "test_false_positives": 195,
      "test_false_negatives": 156,
      "model_path": "C:\\Users\\yuvi2\\Downloads\\nba-prediction-model\\data\\models\\nba_pure_stats_v2_classification_best.pkl"
    },
    "nba_pure_stats_v2_regression_best": {
      "model_name": "nba_pure_stats_v2_regression_best",
      "task_type": "regression",
      "training_metrics": {
        "status": "trained",
        "n_samples": 2451,
        "n_features": 63,
        "train_mae": 7.483046143349551,
        "train_mse": 92.2763177827369,
        "train_rmse": 9.606056307493565,
        "train_r2": 0.5772769174870404,
        "train_top_features": {
          "home_net_rating": 0.08956968784332275,
          "h2h_home_avg_score": 0.06431178003549576,
          "h2h_away_avg_score": 0.06260492652654648,
          "away_net_rating": 0.0598406121134758,
          "ts_differential": 0.050676390528678894,
          "efg_differential": 0.0363142155110836,
          "home_defensive_rating": 0.03616512939333916,
          "away_offensive_rating": 0.034475553780794144,
          "away_avg_points_for": 0.032298944890499115,
          "home_avg_points_against": 0.023759271949529648
        },
        "val_mae": 10.31743064946624,
        "val_mse": 173.43569927776133,
        "val_rmse": 13.16949882409203,
        "val_r2": 0.3201012853577422,
        "val_top_features": {
          "home_net_rating": 0.08956968784332275,
          "h2h_home_avg_score": 0.06431178003549576,
          "h2h_away_avg_score": 0.06260492652654648,
          "away_net_rating": 0.0598406121134758,
          "ts_differential": 0.050676390528678894,
          "efg_differential": 0.0363142155110836,
          "home_defensive_rating": 0.03616512939333916,
          "away_offensive_rating": 0.034475553780794144,
          "away_avg_points_for": 0.032298944890499115,
          "home_avg_points_against": 0.023759271949529648
        }
      },
      "train_samples": 2451,
      "val_samples": 1226,
      "test_samples": 1226,
      "test_metrics": {
        "test_mae": 10.31743064946624,
        "test_mse": 173.43569927776133,
        "test_rmse": 13.16949882409203,
        "test_r2": 0.3201012853577422,
        "test_mape": 1.2260074917095611,
        "test_mean_error": 1.5358578220410894,
        "test_std_error": 13.07963455254911,
        "test_max_error": 57.595139026641846
      },
      "test_mae": 10.31743064946624,
      "test_mse": 173.43569927776133,
      "test_rmse": 13.16949882409203,
      "test_r2": 0.3201012853577422,
      "test_mape": 1.2260074917095611,
      "test_mean_error": 1.5358578220410894,
      "test_std_error": 13.07963455254911,
      "test_max_error": 57.595139026641846,
      "model_path": "C:\\Users\\yuvi2\\Downloads\\nba-prediction-model\\data\\models\\nba_pure_stats_v2_regression_best.pkl"
    }
  }
}