{
  "timestamp": "2026-01-01T23:53:02.689218",
  "models_trained": 2,
  "training_results": {
    "nba_2025_26_final_classification_best": {
      "model_name": "nba_2025_26_final_classification_best",
      "task_type": "classification",
      "training_metrics": {
        "status": "trained",
        "n_samples": 3677,
        "n_features": 133,
        "train_accuracy": 0.7886864291542018,
        "train_precision": 0.7983193277310925,
        "train_recall": 0.8321167883211679,
        "train_f1": 0.8148677626876341,
        "train_top_features": {
          "ts_differential": 0.10454494506120682,
          "home_net_rating": 0.0940292701125145,
          "away_net_rating": 0.07565514743328094,
          "h2h_home_avg_score": 0.06226365640759468,
          "efg_differential": 0.056652504950761795,
          "h2h_away_avg_score": 0.0520714707672596,
          "away_avg_points_for": 0.03593383729457855,
          "home_avg_points_against": 0.03432941436767578,
          "away_effective_fg_pct": 0.030241040512919426,
          "away_offensive_rating": 0.029787981882691383
        },
        "val_accuracy": 0.5470941883767535,
        "val_precision": 0.5470941883767535,
        "val_recall": 1.0,
        "val_f1": 0.7072538860103627,
        "val_top_features": {
          "ts_differential": 0.10454494506120682,
          "home_net_rating": 0.0940292701125145,
          "away_net_rating": 0.07565514743328094,
          "h2h_home_avg_score": 0.06226365640759468,
          "efg_differential": 0.056652504950761795,
          "h2h_away_avg_score": 0.0520714707672596,
          "away_avg_points_for": 0.03593383729457855,
          "home_avg_points_against": 0.03432941436767578,
          "away_effective_fg_pct": 0.030241040512919426,
          "away_offensive_rating": 0.029787981882691383
        }
      },
      "train_samples": 3677,
      "val_samples": 499,
      "test_samples": 499,
      "test_metrics": {
        "test_accuracy": 0.5470941883767535,
        "test_precision": 0.5470941883767535,
        "test_recall": 1.0,
        "test_f1": 0.7072538860103627,
        "test_roc_auc": 0.5,
        "test_log_loss": 0.9060911721640731,
        "test_true_positives": 273,
        "test_true_negatives": 0,
        "test_false_positives": 226,
        "test_false_negatives": 0
      },
      "test_accuracy": 0.5470941883767535,
      "test_precision": 0.5470941883767535,
      "test_recall": 1.0,
      "test_f1": 0.7072538860103627,
      "test_roc_auc": 0.5,
      "test_log_loss": 0.9060911721640731,
      "test_true_positives": 273,
      "test_true_negatives": 0,
      "test_false_positives": 226,
      "test_false_negatives": 0,
      "model_path": "C:\\Users\\yuvi2\\Downloads\\nba-prediction-model\\data\\models\\nba_2025_26_final_classification_best.pkl"
    },
    "nba_2025_26_final_regression_best": {
      "model_name": "nba_2025_26_final_regression_best",
      "task_type": "regression",
      "training_metrics": {
        "status": "trained",
        "n_samples": 3677,
        "n_features": 133,
        "train_mae": 1.8689066536829932,
        "train_mse": 7.63272226735265,
        "train_rmse": 2.762738182917927,
        "train_r2": 0.9669238791124292,
        "train_top_features": {
          "home_net_rating": 0.1323908418416977,
          "h2h_home_avg_score": 0.11198665201663971,
          "home_players_questionable": 0.07800409197807312,
          "away_net_rating": 0.06308922916650772,
          "h2h_away_avg_score": 0.04173089563846588,
          "away_offensive_rating": 0.031180687248706818,
          "home_injury_severity_score": 0.031151022762060165,
          "away_true_shooting_pct": 0.0269484706223011,
          "away_injury_severity_score": 0.022760875523090363,
          "home_avg_points_against": 0.02237694151699543
        },
        "val_mae": 12.119967399952646,
        "val_mse": 231.6831434292402,
        "val_rmse": 15.22114133136015,
        "val_r2": -0.004211651980548403,
        "val_top_features": {
          "home_net_rating": 0.1323908418416977,
          "h2h_home_avg_score": 0.11198665201663971,
          "home_players_questionable": 0.07800409197807312,
          "away_net_rating": 0.06308922916650772,
          "h2h_away_avg_score": 0.04173089563846588,
          "away_offensive_rating": 0.031180687248706818,
          "home_injury_severity_score": 0.031151022762060165,
          "away_true_shooting_pct": 0.0269484706223011,
          "away_injury_severity_score": 0.022760875523090363,
          "home_avg_points_against": 0.02237694151699543
        }
      },
      "train_samples": 3677,
      "val_samples": 499,
      "test_samples": 499,
      "test_metrics": {
        "test_mae": 12.119967399952646,
        "test_mse": 231.6831434292402,
        "test_rmse": 15.22114133136015,
        "test_r2": -0.004211651980548403,
        "test_mape": 1.0730721142661028,
        "test_mean_error": 0.9857364795012082,
        "test_std_error": 15.189189149596526,
        "test_max_error": 47.63904309272766
      },
      "test_mae": 12.119967399952646,
      "test_mse": 231.6831434292402,
      "test_rmse": 15.22114133136015,
      "test_r2": -0.004211651980548403,
      "test_mape": 1.0730721142661028,
      "test_mean_error": 0.9857364795012082,
      "test_std_error": 15.189189149596526,
      "test_max_error": 47.63904309272766,
      "model_path": "C:\\Users\\yuvi2\\Downloads\\nba-prediction-model\\data\\models\\nba_2025_26_final_regression_best.pkl"
    }
  }
}