{
  "timestamp": "2026-01-01T18:52:13.835675",
  "models_trained": 2,
  "training_results": {
    "nba_pure_stats_classification_best": {
      "model_name": "nba_pure_stats_classification_best",
      "task_type": "classification",
      "training_metrics": {
        "status": "trained",
        "n_samples": 1226,
        "n_features": 63,
        "train_accuracy": 1.0,
        "train_precision": 1.0,
        "train_recall": 1.0,
        "train_f1": 1.0,
        "train_top_features": {
          "home_net_rating": 0.08120261132717133,
          "away_net_rating": 0.06905604898929596,
          "h2h_away_avg_score": 0.049581363797187805,
          "ts_differential": 0.042680755257606506,
          "home_true_shooting_pct": 0.029656413942575455,
          "away_offensive_rating": 0.02938702143728733,
          "home_avg_points_against": 0.027791792526841164,
          "away_true_shooting_pct": 0.027772383764386177,
          "away_rest_days": 0.02742345631122589,
          "away_avg_points_for": 0.026583155617117882
        },
        "val_accuracy": 1.0,
        "val_precision": 1.0,
        "val_recall": 1.0,
        "val_f1": 1.0,
        "val_top_features": {
          "home_net_rating": 0.08120261132717133,
          "away_net_rating": 0.06905604898929596,
          "h2h_away_avg_score": 0.049581363797187805,
          "ts_differential": 0.042680755257606506,
          "home_true_shooting_pct": 0.029656413942575455,
          "away_offensive_rating": 0.02938702143728733,
          "home_avg_points_against": 0.027791792526841164,
          "away_true_shooting_pct": 0.027772383764386177,
          "away_rest_days": 0.02742345631122589,
          "away_avg_points_for": 0.026583155617117882
        }
      },
      "train_samples": 1226,
      "val_samples": 1226,
      "test_samples": 1226,
      "test_metrics": {
        "test_accuracy": 1.0,
        "test_precision": 1.0,
        "test_recall": 1.0,
        "test_f1": 1.0,
        "test_roc_auc": 1.0,
        "test_log_loss": 0.05292121670486224,
        "test_true_positives": 660,
        "test_true_negatives": 566,
        "test_false_positives": 0,
        "test_false_negatives": 0
      },
      "test_accuracy": 1.0,
      "test_precision": 1.0,
      "test_recall": 1.0,
      "test_f1": 1.0,
      "test_roc_auc": 1.0,
      "test_log_loss": 0.05292121670486224,
      "test_true_positives": 660,
      "test_true_negatives": 566,
      "test_false_positives": 0,
      "test_false_negatives": 0,
      "model_path": "C:\\Users\\yuvi2\\Downloads\\nba-prediction-model\\data\\models\\nba_pure_stats_classification_best.pkl"
    },
    "nba_pure_stats_regression_best": {
      "model_name": "nba_pure_stats_regression_best",
      "task_type": "regression",
      "training_metrics": {
        "status": "trained",
        "n_samples": 1226,
        "n_features": 63,
        "train_mae": 0.34352028791657474,
        "train_mse": 0.2616967588336375,
        "train_rmse": 0.5115630546019108,
        "train_r2": 0.9989741022713433,
        "train_top_features": {
          "home_net_rating": 0.11835739761590958,
          "away_net_rating": 0.08139406144618988,
          "h2h_away_avg_score": 0.07000021636486053,
          "ts_differential": 0.06716027855873108,
          "home_defensive_rating": 0.042089685797691345,
          "home_injury_severity_score": 0.03912574052810669,
          "home_avg_points_against": 0.02914520911872387,
          "away_offensive_rating": 0.026824314147233963,
          "away_injury_severity_score": 0.02604212798178196,
          "home_players_questionable": 0.024568848311901093
        },
        "val_mae": 0.34352028791657474,
        "val_mse": 0.2616967588336375,
        "val_rmse": 0.5115630546019108,
        "val_r2": 0.9989741022713433,
        "val_top_features": {
          "home_net_rating": 0.11835739761590958,
          "away_net_rating": 0.08139406144618988,
          "h2h_away_avg_score": 0.07000021636486053,
          "ts_differential": 0.06716027855873108,
          "home_defensive_rating": 0.042089685797691345,
          "home_injury_severity_score": 0.03912574052810669,
          "home_avg_points_against": 0.02914520911872387,
          "away_offensive_rating": 0.026824314147233963,
          "away_injury_severity_score": 0.02604212798178196,
          "home_players_questionable": 0.024568848311901093
        }
      },
      "train_samples": 1226,
      "val_samples": 1226,
      "test_samples": 1226,
      "test_metrics": {
        "test_mae": 0.34352028791657474,
        "test_mse": 0.2616967588336375,
        "test_rmse": 0.5115630546019108,
        "test_r2": 0.9989741022713433,
        "test_mape": 0.052905890494475326,
        "test_mean_error": -0.0006721682518380307,
        "test_std_error": 0.5115626130039985,
        "test_max_error": 3.342174530029297
      },
      "test_mae": 0.34352028791657474,
      "test_mse": 0.2616967588336375,
      "test_rmse": 0.5115630546019108,
      "test_r2": 0.9989741022713433,
      "test_mape": 0.052905890494475326,
      "test_mean_error": -0.0006721682518380307,
      "test_std_error": 0.5115626130039985,
      "test_max_error": 3.342174530029297,
      "model_path": "C:\\Users\\yuvi2\\Downloads\\nba-prediction-model\\data\\models\\nba_pure_stats_regression_best.pkl"
    }
  }
}