{
  "timestamp": "2026-01-01T15:48:56.691699",
  "models_trained": 3,
  "training_results": {
    "test_classifier": {
      "model_name": "test_classifier",
      "task_type": "classification",
      "training_metrics": {
        "status": "trained",
        "n_samples": 100,
        "n_features": 10,
        "train_accuracy": 1.0,
        "train_precision": 1.0,
        "train_recall": 1.0,
        "train_f1": 1.0,
        "train_top_features": {
          "feature_4": 0.13920892775058746,
          "feature_8": 0.11409278959035873,
          "feature_7": 0.10438650101423264,
          "feature_1": 0.10252111405134201,
          "feature_9": 0.0995219498872757,
          "feature_2": 0.09595761448144913,
          "feature_5": 0.09309492260217667,
          "feature_3": 0.08929374068975449,
          "feature_6": 0.0833788514137268,
          "feature_0": 0.07854350656270981
        },
        "val_accuracy": 0.45,
        "val_precision": 0.5,
        "val_recall": 0.6363636363636364,
        "val_f1": 0.56,
        "val_top_features": {
          "feature_4": 0.13920892775058746,
          "feature_8": 0.11409278959035873,
          "feature_7": 0.10438650101423264,
          "feature_1": 0.10252111405134201,
          "feature_9": 0.0995219498872757,
          "feature_2": 0.09595761448144913,
          "feature_5": 0.09309492260217667,
          "feature_3": 0.08929374068975449,
          "feature_6": 0.0833788514137268,
          "feature_0": 0.07854350656270981
        }
      },
      "train_samples": 100,
      "val_samples": 20,
      "test_samples": 20,
      "test_metrics": {
        "test_accuracy": 0.55,
        "test_precision": 0.5,
        "test_recall": 0.6666666666666666,
        "test_f1": 0.5714285714285714,
        "test_roc_auc": 0.5454545454545454,
        "test_log_loss": 0.7682887091358126,
        "test_true_positives": 6,
        "test_true_negatives": 5,
        "test_false_positives": 6,
        "test_false_negatives": 3
      },
      "test_accuracy": 0.55,
      "test_precision": 0.5,
      "test_recall": 0.6666666666666666,
      "test_f1": 0.5714285714285714,
      "test_roc_auc": 0.5454545454545454,
      "test_log_loss": 0.7682887091358126,
      "test_true_positives": 6,
      "test_true_negatives": 5,
      "test_false_positives": 6,
      "test_false_negatives": 3
    },
    "test_regressor": {
      "model_name": "test_regressor",
      "task_type": "regression",
      "training_metrics": {
        "status": "trained",
        "n_samples": 100,
        "n_features": 10,
        "train_mae": 0.8044847042772642,
        "train_mse": 1.111277511184054,
        "train_rmse": 1.05417148091952,
        "train_r2": 0.986724085413191,
        "train_top_features": {
          "feature_9": 0.1597224622964859,
          "feature_8": 0.14771223068237305,
          "feature_6": 0.11699091643095016,
          "feature_5": 0.1163935512304306,
          "feature_7": 0.10371728986501694,
          "feature_1": 0.08501195162534714,
          "feature_3": 0.07990464568138123,
          "feature_2": 0.0773298442363739,
          "feature_4": 0.0632271096110344,
          "feature_0": 0.049990031868219376
        },
        "val_mae": 6.327388485312898,
        "val_mse": 74.2834660015871,
        "val_rmse": 8.618785645413576,
        "val_r2": -0.31431020838962187,
        "val_top_features": {
          "feature_9": 0.1597224622964859,
          "feature_8": 0.14771223068237305,
          "feature_6": 0.11699091643095016,
          "feature_5": 0.1163935512304306,
          "feature_7": 0.10371728986501694,
          "feature_1": 0.08501195162534714,
          "feature_3": 0.07990464568138123,
          "feature_2": 0.0773298442363739,
          "feature_4": 0.0632271096110344,
          "feature_0": 0.049990031868219376
        }
      },
      "train_samples": 100,
      "val_samples": 20,
      "test_samples": 20,
      "test_metrics": {
        "test_mae": 7.015853196163297,
        "test_mse": 70.10078208851485,
        "test_rmse": 8.372620980822841,
        "test_r2": -0.3184796030856696,
        "test_mape": 2.0734250049896827,
        "test_mean_error": -4.7616530252389335,
        "test_std_error": 6.886758494077439,
        "test_max_error": 22.328896762476198
      },
      "test_mae": 7.015853196163297,
      "test_mse": 70.10078208851485,
      "test_rmse": 8.372620980822841,
      "test_r2": -0.3184796030856696,
      "test_mape": 2.0734250049896827,
      "test_mean_error": -4.7616530252389335,
      "test_std_error": 6.886758494077439,
      "test_max_error": 22.328896762476198
    },
    "tuned_classifier_best": {
      "model_name": "tuned_classifier_best",
      "task_type": "classification",
      "training_metrics": {
        "status": "trained",
        "n_samples": 100,
        "n_features": 10,
        "train_accuracy": 0.84,
        "train_precision": 0.7846153846153846,
        "train_recall": 0.9622641509433962,
        "train_f1": 0.864406779661017,
        "train_top_features": {
          "feature_4": 0.1367887556552887,
          "feature_9": 0.1331634670495987,
          "feature_7": 0.12179826200008392,
          "feature_1": 0.10992953181266785,
          "feature_8": 0.10793199390172958,
          "feature_5": 0.10059450566768646,
          "feature_3": 0.091173455119133,
          "feature_2": 0.06939610838890076,
          "feature_0": 0.06853367388248444,
          "feature_6": 0.060690201818943024
        },
        "val_accuracy": 0.5,
        "val_precision": 0.5384615384615384,
        "val_recall": 0.6363636363636364,
        "val_f1": 0.5833333333333334,
        "val_top_features": {
          "feature_4": 0.1367887556552887,
          "feature_9": 0.1331634670495987,
          "feature_7": 0.12179826200008392,
          "feature_1": 0.10992953181266785,
          "feature_8": 0.10793199390172958,
          "feature_5": 0.10059450566768646,
          "feature_3": 0.091173455119133,
          "feature_2": 0.06939610838890076,
          "feature_0": 0.06853367388248444,
          "feature_6": 0.060690201818943024
        }
      },
      "train_samples": 100,
      "val_samples": 20
    }
  }
}