{
  "timestamp": "2026-01-01T15:49:43.985732",
  "models_trained": 2,
  "training_results": {
    "nba_classifier": {
      "model_name": "nba_classifier",
      "task_type": "classification",
      "training_metrics": {
        "status": "trained",
        "n_samples": 1223,
        "n_features": 72,
        "train_accuracy": 0.9574816026165167,
        "train_precision": 0.9623955431754875,
        "train_recall": 0.9650837988826816,
        "train_f1": 0.9637377963737797,
        "train_top_features": {
          "h2h_home_avg_score": 0.05378067120909691,
          "h2h_away_avg_score": 0.04839198291301727,
          "home_net_rating": 0.048132963478565216,
          "away_avg_points_for": 0.041033416986465454,
          "efg_differential": 0.038012586534023285,
          "away_net_rating": 0.03561696410179138,
          "away_true_shooting_pct": 0.03511134907603264,
          "ts_differential": 0.031404800713062286,
          "away_offensive_rating": 0.030350172892212868,
          "home_defensive_rating": 0.02767433412373066
        },
        "val_accuracy": 0.7027687296416938,
        "val_precision": 0.7625418060200669,
        "val_recall": 0.6715758468335787,
        "val_f1": 0.7141738449490994,
        "val_top_features": {
          "h2h_home_avg_score": 0.05378067120909691,
          "h2h_away_avg_score": 0.04839198291301727,
          "home_net_rating": 0.048132963478565216,
          "away_avg_points_for": 0.041033416986465454,
          "efg_differential": 0.038012586534023285,
          "away_net_rating": 0.03561696410179138,
          "away_true_shooting_pct": 0.03511134907603264,
          "ts_differential": 0.031404800713062286,
          "away_offensive_rating": 0.030350172892212868,
          "home_defensive_rating": 0.02767433412373066
        }
      },
      "train_samples": 1223,
      "val_samples": 1228,
      "test_samples": 1226,
      "test_metrics": {
        "test_accuracy": 0.6924959216965743,
        "test_precision": 0.7300813008130081,
        "test_recall": 0.6803030303030303,
        "test_f1": 0.7043137254901961,
        "test_roc_auc": 0.767207409786915,
        "test_log_loss": 0.5852532133750412,
        "test_true_positives": 449,
        "test_true_negatives": 400,
        "test_false_positives": 166,
        "test_false_negatives": 211
      },
      "test_accuracy": 0.6924959216965743,
      "test_precision": 0.7300813008130081,
      "test_recall": 0.6803030303030303,
      "test_f1": 0.7043137254901961,
      "test_roc_auc": 0.767207409786915,
      "test_log_loss": 0.5852532133750412,
      "test_true_positives": 449,
      "test_true_negatives": 400,
      "test_false_positives": 166,
      "test_false_negatives": 211,
      "model_path": "C:\\Users\\yuvi2\\Downloads\\nba-prediction-model\\data\\models\\nba_classifier.pkl"
    },
    "nba_regressor": {
      "model_name": "nba_regressor",
      "task_type": "regression",
      "training_metrics": {
        "status": "trained",
        "n_samples": 1223,
        "n_features": 72,
        "train_mae": 4.255662099593064,
        "train_mse": 30.866945000094912,
        "train_rmse": 5.555802822283645,
        "train_r2": 0.8361805016146883,
        "train_top_features": {
          "h2h_home_avg_score": 0.08997257798910141,
          "home_net_rating": 0.07763729989528656,
          "h2h_away_avg_score": 0.0592389851808548,
          "away_players_questionable": 0.04805004596710205,
          "away_net_rating": 0.039527442306280136,
          "away_injury_severity_score": 0.03429919853806496,
          "home_defensive_rating": 0.033288273960351944,
          "home_injury_severity_score": 0.033237505704164505,
          "same_conference": 0.030552679672837257,
          "away_offensive_rating": 0.03005884401500225
        },
        "val_mae": 12.256992089292126,
        "val_mse": 239.0098609543994,
        "val_rmse": 15.459943756508281,
        "val_r2": 0.03636410828849013,
        "val_top_features": {
          "h2h_home_avg_score": 0.08997257798910141,
          "home_net_rating": 0.07763729989528656,
          "h2h_away_avg_score": 0.0592389851808548,
          "away_players_questionable": 0.04805004596710205,
          "away_net_rating": 0.039527442306280136,
          "away_injury_severity_score": 0.03429919853806496,
          "home_defensive_rating": 0.033288273960351944,
          "home_injury_severity_score": 0.033237505704164505,
          "same_conference": 0.030552679672837257,
          "away_offensive_rating": 0.03005884401500225
        }
      },
      "train_samples": 1223,
      "val_samples": 1228,
      "test_samples": 1226,
      "test_metrics": {
        "test_mae": 12.18038531304694,
        "test_mse": 235.388508104144,
        "test_rmse": 15.342376220916497,
        "test_r2": 0.07723528219378961,
        "test_mape": 1.471016054972619,
        "test_mean_error": -5.980356110767333,
        "test_std_error": 14.128830414884021,
        "test_max_error": 56.90830039978027
      },
      "test_mae": 12.18038531304694,
      "test_mse": 235.388508104144,
      "test_rmse": 15.342376220916497,
      "test_r2": 0.07723528219378961,
      "test_mape": 1.471016054972619,
      "test_mean_error": -5.980356110767333,
      "test_std_error": 14.128830414884021,
      "test_max_error": 56.90830039978027,
      "model_path": "C:\\Users\\yuvi2\\Downloads\\nba-prediction-model\\data\\models\\nba_regressor.pkl"
    }
  }
}