{
  "timestamp": "2026-01-01T23:51:53.167238",
  "models_trained": 1,
  "training_results": {
    "nba_test_fixed_classification": {
      "model_name": "nba_test_fixed_classification",
      "task_type": "classification",
      "training_metrics": {
        "status": "trained",
        "n_samples": 3677,
        "n_features": 133,
        "train_accuracy": 0.9559423443024204,
        "train_precision": 0.9646539027982327,
        "train_recall": 0.9562043795620438,
        "train_f1": 0.9604105571847508,
        "train_top_features": {
          "h2h_home_avg_score": 0.084596648812294,
          "home_net_rating": 0.07054739445447922,
          "away_net_rating": 0.05219096690416336,
          "ts_differential": 0.03832511603832245,
          "h2h_away_avg_score": 0.03440854325890541,
          "away_avg_points_for": 0.02762738987803459,
          "home_avg_points_against": 0.027152910828590393,
          "efg_differential": 0.026784952729940414,
          "away_true_shooting_pct": 0.025703728199005127,
          "away_offensive_rating": 0.025090567767620087
        },
        "val_accuracy": 0.5470941883767535,
        "val_precision": 0.5470941883767535,
        "val_recall": 1.0,
        "val_f1": 0.7072538860103627,
        "val_top_features": {
          "h2h_home_avg_score": 0.084596648812294,
          "home_net_rating": 0.07054739445447922,
          "away_net_rating": 0.05219096690416336,
          "ts_differential": 0.03832511603832245,
          "h2h_away_avg_score": 0.03440854325890541,
          "away_avg_points_for": 0.02762738987803459,
          "home_avg_points_against": 0.027152910828590393,
          "efg_differential": 0.026784952729940414,
          "away_true_shooting_pct": 0.025703728199005127,
          "away_offensive_rating": 0.025090567767620087
        }
      },
      "train_samples": 3677,
      "val_samples": 499,
      "test_samples": 499,
      "test_metrics": {
        "test_accuracy": 0.5470941883767535,
        "test_precision": 0.5470941883767535,
        "test_recall": 1.0,
        "test_f1": 0.7072538860103627,
        "test_roc_auc": 0.5,
        "test_log_loss": 0.7932631547701563,
        "test_true_positives": 273,
        "test_true_negatives": 0,
        "test_false_positives": 226,
        "test_false_negatives": 0
      },
      "test_accuracy": 0.5470941883767535,
      "test_precision": 0.5470941883767535,
      "test_recall": 1.0,
      "test_f1": 0.7072538860103627,
      "test_roc_auc": 0.5,
      "test_log_loss": 0.7932631547701563,
      "test_true_positives": 273,
      "test_true_negatives": 0,
      "test_false_positives": 226,
      "test_false_negatives": 0,
      "model_path": "C:\\Users\\yuvi2\\Downloads\\nba-prediction-model\\data\\models\\nba_test_fixed_classification.pkl"
    }
  }
}