{
  "timestamp": "2026-01-01T15:48:43.426589",
  "models_trained": 2,
  "training_results": {
    "test_classifier": {
      "model_name": "test_classifier",
      "task_type": "classification",
      "training_metrics": {
        "status": "trained",
        "n_samples": 100,
        "n_features": 10,
        "train_accuracy": 1.0,
        "train_precision": 1.0,
        "train_recall": 1.0,
        "train_f1": 1.0,
        "train_top_features": {
          "feature_3": 0.11896007508039474,
          "feature_9": 0.11386541277170181,
          "feature_7": 0.10695705562829971,
          "feature_2": 0.10580641031265259,
          "feature_6": 0.10373450070619583,
          "feature_8": 0.1025918498635292,
          "feature_1": 0.10127890855073929,
          "feature_5": 0.10036898404359818,
          "feature_0": 0.09327390044927597,
          "feature_4": 0.05316294729709625
        },
        "val_accuracy": 0.65,
        "val_precision": 0.5714285714285714,
        "val_recall": 0.5,
        "val_f1": 0.5333333333333333,
        "val_top_features": {
          "feature_3": 0.11896007508039474,
          "feature_9": 0.11386541277170181,
          "feature_7": 0.10695705562829971,
          "feature_2": 0.10580641031265259,
          "feature_6": 0.10373450070619583,
          "feature_8": 0.1025918498635292,
          "feature_1": 0.10127890855073929,
          "feature_5": 0.10036898404359818,
          "feature_0": 0.09327390044927597,
          "feature_4": 0.05316294729709625
        }
      },
      "train_samples": 100,
      "val_samples": 20,
      "test_samples": 20,
      "test_metrics": {
        "test_accuracy": 0.5,
        "test_precision": 0.5555555555555556,
        "test_recall": 0.45454545454545453,
        "test_f1": 0.5,
        "test_roc_auc": 0.4242424242424242,
        "test_log_loss": 0.8726154622722883,
        "test_true_positives": 5,
        "test_true_negatives": 5,
        "test_false_positives": 4,
        "test_false_negatives": 6
      },
      "test_accuracy": 0.5,
      "test_precision": 0.5555555555555556,
      "test_recall": 0.45454545454545453,
      "test_f1": 0.5,
      "test_roc_auc": 0.4242424242424242,
      "test_log_loss": 0.8726154622722883,
      "test_true_positives": 5,
      "test_true_negatives": 5,
      "test_false_positives": 4,
      "test_false_negatives": 6
    },
    "test_regressor": {
      "model_name": "test_regressor",
      "task_type": "regression",
      "training_metrics": {
        "status": "trained",
        "n_samples": 100,
        "n_features": 10,
        "train_mae": 0.8709617206460847,
        "train_mse": 1.4363111726972113,
        "train_rmse": 1.1984620030260498,
        "train_r2": 0.9857027650564406,
        "train_top_features": {
          "feature_9": 0.15017828345298767,
          "feature_6": 0.12452637404203415,
          "feature_8": 0.11332855373620987,
          "feature_2": 0.11224325001239777,
          "feature_7": 0.11138938367366791,
          "feature_4": 0.10393315553665161,
          "feature_5": 0.09960856288671494,
          "feature_3": 0.07884000986814499,
          "feature_1": 0.06914404779672623,
          "feature_0": 0.03680844604969025
        },
        "val_mae": 9.037761569950874,
        "val_mse": 108.80008269014266,
        "val_rmse": 10.430727812101257,
        "val_r2": -0.3748553768270466,
        "val_top_features": {
          "feature_9": 0.15017828345298767,
          "feature_6": 0.12452637404203415,
          "feature_8": 0.11332855373620987,
          "feature_2": 0.11224325001239777,
          "feature_7": 0.11138938367366791,
          "feature_4": 0.10393315553665161,
          "feature_5": 0.09960856288671494,
          "feature_3": 0.07884000986814499,
          "feature_1": 0.06914404779672623,
          "feature_0": 0.03680844604969025
        }
      },
      "train_samples": 100,
      "val_samples": 20,
      "test_samples": 20,
      "test_metrics": {
        "test_mae": 8.802438978466787,
        "test_mse": 114.44767758184057,
        "test_rmse": 10.698022134106873,
        "test_r2": -0.23541169902452386,
        "test_mape": 1.2144535242285375,
        "test_mean_error": -1.824517639156403,
        "test_std_error": 10.541290858630536,
        "test_max_error": 21.72283861874491
      },
      "test_mae": 8.802438978466787,
      "test_mse": 114.44767758184057,
      "test_rmse": 10.698022134106873,
      "test_r2": -0.23541169902452386,
      "test_mape": 1.2144535242285375,
      "test_mean_error": -1.824517639156403,
      "test_std_error": 10.541290858630536,
      "test_max_error": 21.72283861874491
    }
  }
}